bytes,content-type,elapsed,endpoint,resource,status,entry-date,start-date,end-date
11570078,application/json,3.153,48b0d08d547af3d959084610b07ac4c74ccf5306267827b63b40c4c698b7ff45,bb28d40c7da81971538ed1889f4d1c53aad2cc5637903a69005b22c4ff41245d,200,2021-10-18T20:11:58.862309,,
12244779,application/json,23.431,6b5a5ff541c241f71ac0c4187d0766c84fac32c2341ac1f32413371670df5128,a53c37ec4b8758235661aa5a5318454474f611f548fca208027e0d99dd22932b,200,2021-10-18T20:11:58.862309,,
11570078,application/json,0.757,48b0d08d547af3d959084610b07ac4c74ccf5306267827b63b40c4c698b7ff45,bb28d40c7da81971538ed1889f4d1c53aad2cc5637903a69005b22c4ff41245d,200,2021-10-19T01:11:49.860289,,
12244779,application/json,22.449,6b5a5ff541c241f71ac0c4187d0766c84fac32c2341ac1f32413371670df5128,a53c37ec4b8758235661aa5a5318454474f611f548fca208027e0d99dd22932b,200,2021-10-19T01:11:49.860289,,
11570078,application/json,1.632,48b0d08d547af3d959084610b07ac4c74ccf5306267827b63b40c4c698b7ff45,bb28d40c7da81971538ed1889f4d1c53aad2cc5637903a69005b22c4ff41245d,200,2021-10-20T01:11:21.599942,,
12244779,application/json,21.551,6b5a5ff541c241f71ac0c4187d0766c84fac32c2341ac1f32413371670df5128,a53c37ec4b8758235661aa5a5318454474f611f548fca208027e0d99dd22932b,200,2021-10-20T01:11:21.599942,,
11570078,application/json,0.758,48b0d08d547af3d959084610b07ac4c74ccf5306267827b63b40c4c698b7ff45,bb28d40c7da81971538ed1889f4d1c53aad2cc5637903a69005b22c4ff41245d,200,2021-10-21T01:16:05.434130,,
12244779,application/json,22.576,6b5a5ff541c241f71ac0c4187d0766c84fac32c2341ac1f32413371670df5128,a53c37ec4b8758235661aa5a5318454474f611f548fca208027e0d99dd22932b,200,2021-10-21T01:16:05.434130,,
11570078,application/json,1.726,48b0d08d547af3d959084610b07ac4c74ccf5306267827b63b40c4c698b7ff45,bb28d40c7da81971538ed1889f4d1c53aad2cc5637903a69005b22c4ff41245d,200,2021-10-22T01:18:03.162025,,
12244779,application/json,22.322,6b5a5ff541c241f71ac0c4187d0766c84fac32c2341ac1f32413371670df5128,a53c37ec4b8758235661aa5a5318454474f611f548fca208027e0d99dd22932b,200,2021-10-22T01:18:03.162025,,
11570078,application/json,2.284,48b0d08d547af3d959084610b07ac4c74ccf5306267827b63b40c4c698b7ff45,bb28d40c7da81971538ed1889f4d1c53aad2cc5637903a69005b22c4ff41245d,200,2021-10-23T01:10:03.605347,,
12244779,application/json,23.291,6b5a5ff541c241f71ac0c4187d0766c84fac32c2341ac1f32413371670df5128,a53c37ec4b8758235661aa5a5318454474f611f548fca208027e0d99dd22932b,200,2021-10-23T01:10:03.605347,,
11570078,application/json,0.742,48b0d08d547af3d959084610b07ac4c74ccf5306267827b63b40c4c698b7ff45,bb28d40c7da81971538ed1889f4d1c53aad2cc5637903a69005b22c4ff41245d,200,2021-10-24T01:08:25.131622,,
12244779,application/json,22.217,6b5a5ff541c241f71ac0c4187d0766c84fac32c2341ac1f32413371670df5128,a53c37ec4b8758235661aa5a5318454474f611f548fca208027e0d99dd22932b,200,2021-10-24T01:08:25.131622,,
11570078,application/json,0.933,48b0d08d547af3d959084610b07ac4c74ccf5306267827b63b40c4c698b7ff45,bb28d40c7da81971538ed1889f4d1c53aad2cc5637903a69005b22c4ff41245d,200,2021-10-25T01:10:25.048201,,
12244779,application/json,22.509,6b5a5ff541c241f71ac0c4187d0766c84fac32c2341ac1f32413371670df5128,a53c37ec4b8758235661aa5a5318454474f611f548fca208027e0d99dd22932b,200,2021-10-25T01:10:25.048201,,
11570078,application/json,0.875,48b0d08d547af3d959084610b07ac4c74ccf5306267827b63b40c4c698b7ff45,bb28d40c7da81971538ed1889f4d1c53aad2cc5637903a69005b22c4ff41245d,200,2021-10-26T01:04:57.303454,,
12244779,application/json,21.244,6b5a5ff541c241f71ac0c4187d0766c84fac32c2341ac1f32413371670df5128,a53c37ec4b8758235661aa5a5318454474f611f548fca208027e0d99dd22932b,200,2021-10-26T01:04:57.303454,,
11570078,application/json,0.856,48b0d08d547af3d959084610b07ac4c74ccf5306267827b63b40c4c698b7ff45,bb28d40c7da81971538ed1889f4d1c53aad2cc5637903a69005b22c4ff41245d,200,2021-10-27T01:04:28.876349,,
,,29.342,6b5a5ff541c241f71ac0c4187d0766c84fac32c2341ac1f32413371670df5128,,,2021-10-27T01:04:28.876349,,
11570078,application/json,1.044,48b0d08d547af3d959084610b07ac4c74ccf5306267827b63b40c4c698b7ff45,bb28d40c7da81971538ed1889f4d1c53aad2cc5637903a69005b22c4ff41245d,200,2021-10-28T01:05:41.589298,,
12244779,application/json,23.471,6b5a5ff541c241f71ac0c4187d0766c84fac32c2341ac1f32413371670df5128,a53c37ec4b8758235661aa5a5318454474f611f548fca208027e0d99dd22932b,200,2021-10-28T01:05:41.589298,,
11570078,application/json,0.839,48b0d08d547af3d959084610b07ac4c74ccf5306267827b63b40c4c698b7ff45,bb28d40c7da81971538ed1889f4d1c53aad2cc5637903a69005b22c4ff41245d,200,2021-10-29T01:03:58.003301,,
12244779,application/json,21.756,6b5a5ff541c241f71ac0c4187d0766c84fac32c2341ac1f32413371670df5128,a53c37ec4b8758235661aa5a5318454474f611f548fca208027e0d99dd22932b,200,2021-10-29T01:03:58.003301,,
11570078,application/json,0.752,48b0d08d547af3d959084610b07ac4c74ccf5306267827b63b40c4c698b7ff45,bb28d40c7da81971538ed1889f4d1c53aad2cc5637903a69005b22c4ff41245d,200,2021-10-30T01:03:56.764574,,
12244779,application/json,21.445,6b5a5ff541c241f71ac0c4187d0766c84fac32c2341ac1f32413371670df5128,a53c37ec4b8758235661aa5a5318454474f611f548fca208027e0d99dd22932b,200,2021-10-30T01:03:56.764574,,
11570078,application/json,0.756,48b0d08d547af3d959084610b07ac4c74ccf5306267827b63b40c4c698b7ff45,bb28d40c7da81971538ed1889f4d1c53aad2cc5637903a69005b22c4ff41245d,200,2021-10-31T01:08:48.598286,,
12244779,application/json,23.201,6b5a5ff541c241f71ac0c4187d0766c84fac32c2341ac1f32413371670df5128,a53c37ec4b8758235661aa5a5318454474f611f548fca208027e0d99dd22932b,200,2021-10-31T01:08:48.598286,,
11570078,application/json,0.837,48b0d08d547af3d959084610b07ac4c74ccf5306267827b63b40c4c698b7ff45,bb28d40c7da81971538ed1889f4d1c53aad2cc5637903a69005b22c4ff41245d,200,2021-11-01T01:09:08.198629,,
12244779,application/json,21.106,6b5a5ff541c241f71ac0c4187d0766c84fac32c2341ac1f32413371670df5128,a53c37ec4b8758235661aa5a5318454474f611f548fca208027e0d99dd22932b,200,2021-11-01T01:09:08.198629,,
11570078,application/json,1.341,48b0d08d547af3d959084610b07ac4c74ccf5306267827b63b40c4c698b7ff45,bb28d40c7da81971538ed1889f4d1c53aad2cc5637903a69005b22c4ff41245d,200,2021-11-02T01:09:50.734040,,
12244779,application/json,21.869,6b5a5ff541c241f71ac0c4187d0766c84fac32c2341ac1f32413371670df5128,a53c37ec4b8758235661aa5a5318454474f611f548fca208027e0d99dd22932b,200,2021-11-02T01:09:50.734040,,
11570078,application/json,0.696,48b0d08d547af3d959084610b07ac4c74ccf5306267827b63b40c4c698b7ff45,bb28d40c7da81971538ed1889f4d1c53aad2cc5637903a69005b22c4ff41245d,200,2021-11-03T01:05:32.525626,,
12244779,application/json,22.392,6b5a5ff541c241f71ac0c4187d0766c84fac32c2341ac1f32413371670df5128,a53c37ec4b8758235661aa5a5318454474f611f548fca208027e0d99dd22932b,200,2021-11-03T01:05:32.525626,,
11570078,application/json,0.793,48b0d08d547af3d959084610b07ac4c74ccf5306267827b63b40c4c698b7ff45,bb28d40c7da81971538ed1889f4d1c53aad2cc5637903a69005b22c4ff41245d,200,2021-11-04T01:06:16.994668,,
12244779,application/json,21.712,6b5a5ff541c241f71ac0c4187d0766c84fac32c2341ac1f32413371670df5128,a53c37ec4b8758235661aa5a5318454474f611f548fca208027e0d99dd22932b,200,2021-11-04T01:06:16.994668,,
11570078,application/json,1.138,48b0d08d547af3d959084610b07ac4c74ccf5306267827b63b40c4c698b7ff45,bb28d40c7da81971538ed1889f4d1c53aad2cc5637903a69005b22c4ff41245d,200,2021-11-05T01:05:51.270517,,
12244779,application/json,24.931,6b5a5ff541c241f71ac0c4187d0766c84fac32c2341ac1f32413371670df5128,a53c37ec4b8758235661aa5a5318454474f611f548fca208027e0d99dd22932b,200,2021-11-05T01:05:51.270517,,
11570078,application/json,0.909,48b0d08d547af3d959084610b07ac4c74ccf5306267827b63b40c4c698b7ff45,bb28d40c7da81971538ed1889f4d1c53aad2cc5637903a69005b22c4ff41245d,200,2021-11-06T01:04:11.111272,,
12244779,application/json,22.173,6b5a5ff541c241f71ac0c4187d0766c84fac32c2341ac1f32413371670df5128,a53c37ec4b8758235661aa5a5318454474f611f548fca208027e0d99dd22932b,200,2021-11-06T01:04:11.111272,,
11570078,application/json,1.312,48b0d08d547af3d959084610b07ac4c74ccf5306267827b63b40c4c698b7ff45,bb28d40c7da81971538ed1889f4d1c53aad2cc5637903a69005b22c4ff41245d,200,2021-11-07T01:09:15.918169,,
12244779,application/json,21.396,6b5a5ff541c241f71ac0c4187d0766c84fac32c2341ac1f32413371670df5128,a53c37ec4b8758235661aa5a5318454474f611f548fca208027e0d99dd22932b,200,2021-11-07T01:09:15.918169,,
11570078,application/json,0.818,48b0d08d547af3d959084610b07ac4c74ccf5306267827b63b40c4c698b7ff45,bb28d40c7da81971538ed1889f4d1c53aad2cc5637903a69005b22c4ff41245d,200,2021-11-08T01:06:33.972954,,
12244779,application/json,0.863,6b5a5ff541c241f71ac0c4187d0766c84fac32c2341ac1f32413371670df5128,a53c37ec4b8758235661aa5a5318454474f611f548fca208027e0d99dd22932b,200,2021-11-08T01:06:33.972954,,
11570078,application/json,0.93,48b0d08d547af3d959084610b07ac4c74ccf5306267827b63b40c4c698b7ff45,bb28d40c7da81971538ed1889f4d1c53aad2cc5637903a69005b22c4ff41245d,200,2021-11-09T01:06:44.819807,,
12244779,application/json,22.166,6b5a5ff541c241f71ac0c4187d0766c84fac32c2341ac1f32413371670df5128,a53c37ec4b8758235661aa5a5318454474f611f548fca208027e0d99dd22932b,200,2021-11-09T01:06:44.819807,,
11570078,application/json,1.096,48b0d08d547af3d959084610b07ac4c74ccf5306267827b63b40c4c698b7ff45,bb28d40c7da81971538ed1889f4d1c53aad2cc5637903a69005b22c4ff41245d,200,2021-11-10T01:06:28.730735,,
12244779,application/json,21.1,6b5a5ff541c241f71ac0c4187d0766c84fac32c2341ac1f32413371670df5128,a53c37ec4b8758235661aa5a5318454474f611f548fca208027e0d99dd22932b,200,2021-11-10T01:06:28.730735,,
11570078,application/json,1.318,48b0d08d547af3d959084610b07ac4c74ccf5306267827b63b40c4c698b7ff45,bb28d40c7da81971538ed1889f4d1c53aad2cc5637903a69005b22c4ff41245d,200,2021-11-11T01:07:34.081994,,
12244779,application/json,22.032,6b5a5ff541c241f71ac0c4187d0766c84fac32c2341ac1f32413371670df5128,a53c37ec4b8758235661aa5a5318454474f611f548fca208027e0d99dd22932b,200,2021-11-11T01:07:34.081994,,
11570078,application/json,1.557,48b0d08d547af3d959084610b07ac4c74ccf5306267827b63b40c4c698b7ff45,bb28d40c7da81971538ed1889f4d1c53aad2cc5637903a69005b22c4ff41245d,200,2021-11-12T01:08:01.168776,,
12244779,application/json,21.808,6b5a5ff541c241f71ac0c4187d0766c84fac32c2341ac1f32413371670df5128,a53c37ec4b8758235661aa5a5318454474f611f548fca208027e0d99dd22932b,200,2021-11-12T01:08:01.168776,,
11570078,application/json,1.075,48b0d08d547af3d959084610b07ac4c74ccf5306267827b63b40c4c698b7ff45,bb28d40c7da81971538ed1889f4d1c53aad2cc5637903a69005b22c4ff41245d,200,2021-11-13T01:05:43.601801,,
12244779,application/json,22.143,6b5a5ff541c241f71ac0c4187d0766c84fac32c2341ac1f32413371670df5128,a53c37ec4b8758235661aa5a5318454474f611f548fca208027e0d99dd22932b,200,2021-11-13T01:05:43.601801,,
11570078,application/json,0.868,48b0d08d547af3d959084610b07ac4c74ccf5306267827b63b40c4c698b7ff45,bb28d40c7da81971538ed1889f4d1c53aad2cc5637903a69005b22c4ff41245d,200,2021-11-14T01:08:55.137677,,
12244779,application/json,22.216,6b5a5ff541c241f71ac0c4187d0766c84fac32c2341ac1f32413371670df5128,a53c37ec4b8758235661aa5a5318454474f611f548fca208027e0d99dd22932b,200,2021-11-14T01:08:55.137677,,
11570078,application/json,0.747,48b0d08d547af3d959084610b07ac4c74ccf5306267827b63b40c4c698b7ff45,bb28d40c7da81971538ed1889f4d1c53aad2cc5637903a69005b22c4ff41245d,200,2021-11-15T01:06:43.532904,,
12244779,application/json,22.006,6b5a5ff541c241f71ac0c4187d0766c84fac32c2341ac1f32413371670df5128,a53c37ec4b8758235661aa5a5318454474f611f548fca208027e0d99dd22932b,200,2021-11-15T01:06:43.532904,,
11570078,application/json,0.999,48b0d08d547af3d959084610b07ac4c74ccf5306267827b63b40c4c698b7ff45,bb28d40c7da81971538ed1889f4d1c53aad2cc5637903a69005b22c4ff41245d,200,2021-11-16T01:06:59.880590,,
12244779,application/json,22.041,6b5a5ff541c241f71ac0c4187d0766c84fac32c2341ac1f32413371670df5128,a53c37ec4b8758235661aa5a5318454474f611f548fca208027e0d99dd22932b,200,2021-11-16T01:06:59.880590,,
11570078,application/json,1.219,48b0d08d547af3d959084610b07ac4c74ccf5306267827b63b40c4c698b7ff45,bb28d40c7da81971538ed1889f4d1c53aad2cc5637903a69005b22c4ff41245d,200,2021-11-17T01:06:35.424751,,
12244779,application/json,0.913,6b5a5ff541c241f71ac0c4187d0766c84fac32c2341ac1f32413371670df5128,a53c37ec4b8758235661aa5a5318454474f611f548fca208027e0d99dd22932b,200,2021-11-17T01:06:35.424751,,
11570078,application/json,1.189,48b0d08d547af3d959084610b07ac4c74ccf5306267827b63b40c4c698b7ff45,bb28d40c7da81971538ed1889f4d1c53aad2cc5637903a69005b22c4ff41245d,200,2021-11-18T01:07:16.341360,,
12244779,application/json,21.635,6b5a5ff541c241f71ac0c4187d0766c84fac32c2341ac1f32413371670df5128,a53c37ec4b8758235661aa5a5318454474f611f548fca208027e0d99dd22932b,200,2021-11-18T01:07:16.341360,,
11570078,application/json,1.13,48b0d08d547af3d959084610b07ac4c74ccf5306267827b63b40c4c698b7ff45,bb28d40c7da81971538ed1889f4d1c53aad2cc5637903a69005b22c4ff41245d,200,2021-11-19T01:06:58.642505,,
12243434,application/json,1.482,6b5a5ff541c241f71ac0c4187d0766c84fac32c2341ac1f32413371670df5128,a53c37ec4b8758235661aa5a5318454474f611f548fca208027e0d99dd22932b,200,2021-11-19T01:06:58.642505,,
11570078,application/json,1.238,48b0d08d547af3d959084610b07ac4c74ccf5306267827b63b40c4c698b7ff45,bb28d40c7da81971538ed1889f4d1c53aad2cc5637903a69005b22c4ff41245d,200,2021-11-20T01:05:54.761191,,
12243434,application/json,22.033,6b5a5ff541c241f71ac0c4187d0766c84fac32c2341ac1f32413371670df5128,a53c37ec4b8758235661aa5a5318454474f611f548fca208027e0d99dd22932b,200,2021-11-20T01:05:54.761191,,
11570078,application/json,1.591,48b0d08d547af3d959084610b07ac4c74ccf5306267827b63b40c4c698b7ff45,bb28d40c7da81971538ed1889f4d1c53aad2cc5637903a69005b22c4ff41245d,200,2021-11-21T01:10:04.834406,,
12243434,application/json,22.538,6b5a5ff541c241f71ac0c4187d0766c84fac32c2341ac1f32413371670df5128,a53c37ec4b8758235661aa5a5318454474f611f548fca208027e0d99dd22932b,200,2021-11-21T01:10:04.834406,,
11570078,application/json,0.972,48b0d08d547af3d959084610b07ac4c74ccf5306267827b63b40c4c698b7ff45,bb28d40c7da81971538ed1889f4d1c53aad2cc5637903a69005b22c4ff41245d,200,2021-11-22T01:07:42.399460,,
12243434,application/json,21.688,6b5a5ff541c241f71ac0c4187d0766c84fac32c2341ac1f32413371670df5128,a53c37ec4b8758235661aa5a5318454474f611f548fca208027e0d99dd22932b,200,2021-11-22T01:07:42.399460,,
11570078,application/json,1.063,48b0d08d547af3d959084610b07ac4c74ccf5306267827b63b40c4c698b7ff45,bb28d40c7da81971538ed1889f4d1c53aad2cc5637903a69005b22c4ff41245d,200,2021-11-23T01:06:29.551517,,
12243434,application/json,21.275,6b5a5ff541c241f71ac0c4187d0766c84fac32c2341ac1f32413371670df5128,a53c37ec4b8758235661aa5a5318454474f611f548fca208027e0d99dd22932b,200,2021-11-23T01:06:29.551517,,
11570078,application/json,0.988,48b0d08d547af3d959084610b07ac4c74ccf5306267827b63b40c4c698b7ff45,bb28d40c7da81971538ed1889f4d1c53aad2cc5637903a69005b22c4ff41245d,200,2021-11-24T01:06:27.470816,,
12243434,application/json,22.541,6b5a5ff541c241f71ac0c4187d0766c84fac32c2341ac1f32413371670df5128,a53c37ec4b8758235661aa5a5318454474f611f548fca208027e0d99dd22932b,200,2021-11-24T01:06:27.470816,,
11570078,application/json,0.941,48b0d08d547af3d959084610b07ac4c74ccf5306267827b63b40c4c698b7ff45,bb28d40c7da81971538ed1889f4d1c53aad2cc5637903a69005b22c4ff41245d,200,2021-11-25T01:08:16.770279,,
12243434,application/json,21.851,6b5a5ff541c241f71ac0c4187d0766c84fac32c2341ac1f32413371670df5128,a53c37ec4b8758235661aa5a5318454474f611f548fca208027e0d99dd22932b,200,2021-11-25T01:08:16.770279,,
11570078,application/json,1.398,48b0d08d547af3d959084610b07ac4c74ccf5306267827b63b40c4c698b7ff45,bb28d40c7da81971538ed1889f4d1c53aad2cc5637903a69005b22c4ff41245d,200,2021-11-26T01:05:56.524467,,
12243434,application/json,21.85,6b5a5ff541c241f71ac0c4187d0766c84fac32c2341ac1f32413371670df5128,a53c37ec4b8758235661aa5a5318454474f611f548fca208027e0d99dd22932b,200,2021-11-26T01:05:56.524467,,
11570078,application/json,1.427,48b0d08d547af3d959084610b07ac4c74ccf5306267827b63b40c4c698b7ff45,bb28d40c7da81971538ed1889f4d1c53aad2cc5637903a69005b22c4ff41245d,200,2021-11-27T01:05:28.971257,,
12243434,application/json,22.658,6b5a5ff541c241f71ac0c4187d0766c84fac32c2341ac1f32413371670df5128,a53c37ec4b8758235661aa5a5318454474f611f548fca208027e0d99dd22932b,200,2021-11-27T01:05:28.971257,,
11570078,application/json,0.743,48b0d08d547af3d959084610b07ac4c74ccf5306267827b63b40c4c698b7ff45,bb28d40c7da81971538ed1889f4d1c53aad2cc5637903a69005b22c4ff41245d,200,2021-11-28T01:08:13.001762,,
12243434,application/json,22.562,6b5a5ff541c241f71ac0c4187d0766c84fac32c2341ac1f32413371670df5128,a53c37ec4b8758235661aa5a5318454474f611f548fca208027e0d99dd22932b,200,2021-11-28T01:08:13.001762,,
11570078,application/json,0.789,48b0d08d547af3d959084610b07ac4c74ccf5306267827b63b40c4c698b7ff45,bb28d40c7da81971538ed1889f4d1c53aad2cc5637903a69005b22c4ff41245d,200,2021-11-29T01:07:04.442489,,
12243434,application/json,21.653,6b5a5ff541c241f71ac0c4187d0766c84fac32c2341ac1f32413371670df5128,a53c37ec4b8758235661aa5a5318454474f611f548fca208027e0d99dd22932b,200,2021-11-29T01:07:04.442489,,
11570078,application/json,1.334,48b0d08d547af3d959084610b07ac4c74ccf5306267827b63b40c4c698b7ff45,bb28d40c7da81971538ed1889f4d1c53aad2cc5637903a69005b22c4ff41245d,200,2021-11-30T01:06:44.546900,,
12243434,application/json,21.263,6b5a5ff541c241f71ac0c4187d0766c84fac32c2341ac1f32413371670df5128,a53c37ec4b8758235661aa5a5318454474f611f548fca208027e0d99dd22932b,200,2021-11-30T01:06:44.546900,,
11570078,application/json,1.246,48b0d08d547af3d959084610b07ac4c74ccf5306267827b63b40c4c698b7ff45,bb28d40c7da81971538ed1889f4d1c53aad2cc5637903a69005b22c4ff41245d,200,2021-12-01T01:11:45.998189,,
12243434,application/json,22.577,6b5a5ff541c241f71ac0c4187d0766c84fac32c2341ac1f32413371670df5128,a53c37ec4b8758235661aa5a5318454474f611f548fca208027e0d99dd22932b,200,2021-12-01T01:11:45.998189,,
11570078,application/json,1.104,48b0d08d547af3d959084610b07ac4c74ccf5306267827b63b40c4c698b7ff45,bb28d40c7da81971538ed1889f4d1c53aad2cc5637903a69005b22c4ff41245d,200,2021-12-02T01:08:00.723198,,
12243434,application/json,21.641,6b5a5ff541c241f71ac0c4187d0766c84fac32c2341ac1f32413371670df5128,a53c37ec4b8758235661aa5a5318454474f611f548fca208027e0d99dd22932b,200,2021-12-02T01:08:00.723198,,
11570078,application/json,1.012,48b0d08d547af3d959084610b07ac4c74ccf5306267827b63b40c4c698b7ff45,bb28d40c7da81971538ed1889f4d1c53aad2cc5637903a69005b22c4ff41245d,200,2021-12-03T01:07:45.270453,,
12243434,application/json,21.503,6b5a5ff541c241f71ac0c4187d0766c84fac32c2341ac1f32413371670df5128,a53c37ec4b8758235661aa5a5318454474f611f548fca208027e0d99dd22932b,200,2021-12-03T01:07:45.270453,,
11570078,application/json,1.177,48b0d08d547af3d959084610b07ac4c74ccf5306267827b63b40c4c698b7ff45,bb28d40c7da81971538ed1889f4d1c53aad2cc5637903a69005b22c4ff41245d,200,2021-12-04T01:07:15.740610,,
12243434,application/json,21.951,6b5a5ff541c241f71ac0c4187d0766c84fac32c2341ac1f32413371670df5128,a53c37ec4b8758235661aa5a5318454474f611f548fca208027e0d99dd22932b,200,2021-12-04T01:07:15.740610,,
11570078,application/json,1.125,48b0d08d547af3d959084610b07ac4c74ccf5306267827b63b40c4c698b7ff45,bb28d40c7da81971538ed1889f4d1c53aad2cc5637903a69005b22c4ff41245d,200,2021-12-05T01:13:45.347485,,
12243434,application/json,21.996,6b5a5ff541c241f71ac0c4187d0766c84fac32c2341ac1f32413371670df5128,a53c37ec4b8758235661aa5a5318454474f611f548fca208027e0d99dd22932b,200,2021-12-05T01:13:45.347485,,
11570078,application/json,0.665,48b0d08d547af3d959084610b07ac4c74ccf5306267827b63b40c4c698b7ff45,bb28d40c7da81971538ed1889f4d1c53aad2cc5637903a69005b22c4ff41245d,200,2021-12-06T01:10:02.240264,,
12243434,application/json,23.121,6b5a5ff541c241f71ac0c4187d0766c84fac32c2341ac1f32413371670df5128,a53c37ec4b8758235661aa5a5318454474f611f548fca208027e0d99dd22932b,200,2021-12-06T01:10:02.240264,,
11570078,application/json,0.994,48b0d08d547af3d959084610b07ac4c74ccf5306267827b63b40c4c698b7ff45,bb28d40c7da81971538ed1889f4d1c53aad2cc5637903a69005b22c4ff41245d,200,2021-12-07T01:12:18.203906,,
12243434,application/json,22.166,6b5a5ff541c241f71ac0c4187d0766c84fac32c2341ac1f32413371670df5128,a53c37ec4b8758235661aa5a5318454474f611f548fca208027e0d99dd22932b,200,2021-12-07T01:12:18.203906,,
11570078,application/json,1.061,48b0d08d547af3d959084610b07ac4c74ccf5306267827b63b40c4c698b7ff45,bb28d40c7da81971538ed1889f4d1c53aad2cc5637903a69005b22c4ff41245d,200,2021-12-08T01:10:37.365950,,
12243434,application/json,22.954,6b5a5ff541c241f71ac0c4187d0766c84fac32c2341ac1f32413371670df5128,a53c37ec4b8758235661aa5a5318454474f611f548fca208027e0d99dd22932b,200,2021-12-08T01:10:37.365950,,
11570078,application/json,1.346,48b0d08d547af3d959084610b07ac4c74ccf5306267827b63b40c4c698b7ff45,bb28d40c7da81971538ed1889f4d1c53aad2cc5637903a69005b22c4ff41245d,200,2021-12-09T01:09:22.127031,,
12243434,application/json,21.997,6b5a5ff541c241f71ac0c4187d0766c84fac32c2341ac1f32413371670df5128,a53c37ec4b8758235661aa5a5318454474f611f548fca208027e0d99dd22932b,200,2021-12-09T01:09:22.127031,,
11570078,application/json,1.074,48b0d08d547af3d959084610b07ac4c74ccf5306267827b63b40c4c698b7ff45,bb28d40c7da81971538ed1889f4d1c53aad2cc5637903a69005b22c4ff41245d,200,2021-12-10T01:10:05.693807,,
12243434,application/json,22.899,6b5a5ff541c241f71ac0c4187d0766c84fac32c2341ac1f32413371670df5128,a53c37ec4b8758235661aa5a5318454474f611f548fca208027e0d99dd22932b,200,2021-12-10T01:10:05.693807,,
11570078,application/json,0.936,48b0d08d547af3d959084610b07ac4c74ccf5306267827b63b40c4c698b7ff45,bb28d40c7da81971538ed1889f4d1c53aad2cc5637903a69005b22c4ff41245d,200,2021-12-11T01:08:51.437656,,
12243434,application/json,22.536,6b5a5ff541c241f71ac0c4187d0766c84fac32c2341ac1f32413371670df5128,a53c37ec4b8758235661aa5a5318454474f611f548fca208027e0d99dd22932b,200,2021-12-11T01:08:51.437656,,
11570078,application/json,0.986,48b0d08d547af3d959084610b07ac4c74ccf5306267827b63b40c4c698b7ff45,bb28d40c7da81971538ed1889f4d1c53aad2cc5637903a69005b22c4ff41245d,200,2021-12-12T01:12:51.331118,,
12243434,application/json,22.565,6b5a5ff541c241f71ac0c4187d0766c84fac32c2341ac1f32413371670df5128,a53c37ec4b8758235661aa5a5318454474f611f548fca208027e0d99dd22932b,200,2021-12-12T01:12:51.331118,,
11570078,application/json,1.026,48b0d08d547af3d959084610b07ac4c74ccf5306267827b63b40c4c698b7ff45,bb28d40c7da81971538ed1889f4d1c53aad2cc5637903a69005b22c4ff41245d,200,2021-12-13T01:09:21.969996,,
12243434,application/json,21.717,6b5a5ff541c241f71ac0c4187d0766c84fac32c2341ac1f32413371670df5128,a53c37ec4b8758235661aa5a5318454474f611f548fca208027e0d99dd22932b,200,2021-12-13T01:09:21.969996,,
11570078,application/json,0.997,48b0d08d547af3d959084610b07ac4c74ccf5306267827b63b40c4c698b7ff45,bb28d40c7da81971538ed1889f4d1c53aad2cc5637903a69005b22c4ff41245d,200,2021-12-14T01:13:09.391942,,
,,29.275,6b5a5ff541c241f71ac0c4187d0766c84fac32c2341ac1f32413371670df5128,,,2021-12-14T01:13:09.391942,,
11570078,application/json,0.886,48b0d08d547af3d959084610b07ac4c74ccf5306267827b63b40c4c698b7ff45,bb28d40c7da81971538ed1889f4d1c53aad2cc5637903a69005b22c4ff41245d,200,2021-12-15T01:09:05.951469,,
,,29.953,6b5a5ff541c241f71ac0c4187d0766c84fac32c2341ac1f32413371670df5128,,,2021-12-15T01:09:05.951469,,
11570078,application/json,1.153,48b0d08d547af3d959084610b07ac4c74ccf5306267827b63b40c4c698b7ff45,bb28d40c7da81971538ed1889f4d1c53aad2cc5637903a69005b22c4ff41245d,200,2021-12-16T01:08:56.808944,,
12243434,application/json,22.675,6b5a5ff541c241f71ac0c4187d0766c84fac32c2341ac1f32413371670df5128,a53c37ec4b8758235661aa5a5318454474f611f548fca208027e0d99dd22932b,200,2021-12-16T01:08:56.808944,,
11570078,application/json,0.854,48b0d08d547af3d959084610b07ac4c74ccf5306267827b63b40c4c698b7ff45,bb28d40c7da81971538ed1889f4d1c53aad2cc5637903a69005b22c4ff41245d,200,2021-12-17T01:11:45.375017,,
12243434,application/json,22.947,6b5a5ff541c241f71ac0c4187d0766c84fac32c2341ac1f32413371670df5128,a53c37ec4b8758235661aa5a5318454474f611f548fca208027e0d99dd22932b,200,2021-12-17T01:11:45.375017,,
11570078,application/json,15.139,48b0d08d547af3d959084610b07ac4c74ccf5306267827b63b40c4c698b7ff45,bb28d40c7da81971538ed1889f4d1c53aad2cc5637903a69005b22c4ff41245d,200,2021-12-18T01:14:02.188063,,
12243434,application/json,24.621,6b5a5ff541c241f71ac0c4187d0766c84fac32c2341ac1f32413371670df5128,a53c37ec4b8758235661aa5a5318454474f611f548fca208027e0d99dd22932b,200,2021-12-18T01:14:02.188063,,
11570078,application/json,0.708,48b0d08d547af3d959084610b07ac4c74ccf5306267827b63b40c4c698b7ff45,bb28d40c7da81971538ed1889f4d1c53aad2cc5637903a69005b22c4ff41245d,200,2021-12-19T01:15:25.816138,,
12243434,application/json,22.632,6b5a5ff541c241f71ac0c4187d0766c84fac32c2341ac1f32413371670df5128,a53c37ec4b8758235661aa5a5318454474f611f548fca208027e0d99dd22932b,200,2021-12-19T01:15:25.816138,,
11570078,application/json,0.75,48b0d08d547af3d959084610b07ac4c74ccf5306267827b63b40c4c698b7ff45,bb28d40c7da81971538ed1889f4d1c53aad2cc5637903a69005b22c4ff41245d,200,2021-12-20T01:12:04.804861,,
12243434,application/json,21.572,6b5a5ff541c241f71ac0c4187d0766c84fac32c2341ac1f32413371670df5128,a53c37ec4b8758235661aa5a5318454474f611f548fca208027e0d99dd22932b,200,2021-12-20T01:12:04.804861,,
11570078,application/json,0.863,48b0d08d547af3d959084610b07ac4c74ccf5306267827b63b40c4c698b7ff45,bb28d40c7da81971538ed1889f4d1c53aad2cc5637903a69005b22c4ff41245d,200,2021-12-21T01:13:51.750309,,
12243434,application/json,22.414,6b5a5ff541c241f71ac0c4187d0766c84fac32c2341ac1f32413371670df5128,a53c37ec4b8758235661aa5a5318454474f611f548fca208027e0d99dd22932b,200,2021-12-21T01:13:51.750309,,
11570078,application/json,0.716,48b0d08d547af3d959084610b07ac4c74ccf5306267827b63b40c4c698b7ff45,bb28d40c7da81971538ed1889f4d1c53aad2cc5637903a69005b22c4ff41245d,200,2021-12-22T01:13:02.051622,,
12243434,application/json,22.754,6b5a5ff541c241f71ac0c4187d0766c84fac32c2341ac1f32413371670df5128,a53c37ec4b8758235661aa5a5318454474f611f548fca208027e0d99dd22932b,200,2021-12-22T01:13:02.051622,,
11570078,application/json,0.926,48b0d08d547af3d959084610b07ac4c74ccf5306267827b63b40c4c698b7ff45,bb28d40c7da81971538ed1889f4d1c53aad2cc5637903a69005b22c4ff41245d,200,2021-12-23T01:11:03.548039,,
12243434,application/json,22.506,6b5a5ff541c241f71ac0c4187d0766c84fac32c2341ac1f32413371670df5128,a53c37ec4b8758235661aa5a5318454474f611f548fca208027e0d99dd22932b,200,2021-12-23T01:11:03.548039,,
